{"cameraMode":{"drawMode":0,"name":"Shaded","section":"Shading Mode"},"sceneLighting":false,"audioPlay":false,"sceneViewState":{"m_AlwaysRefresh":false,"showFog":true,"showSkybox":false,"showFlares":true,"showImageEffects":true,"showParticleSystems":true,"showVisualEffectGraphs":true,"m_FxEnabled":true},"in2DMode":false,"pivot":{"x":16.549991607666017,"y":3.493070125579834,"z":24.001689910888673},"rotation":{"x":0.28275901079177859,"y":0.34101980924606326,"z":-0.10826784372329712,"w":0.8903226852416992},"size":4.131927013397217,"orthographic":true}