{"cameraMode":{"drawMode":0,"name":"Shaded","section":"Shading Mode"},"sceneLighting":false,"audioPlay":false,"sceneViewState":{"m_AlwaysRefresh":false,"showFog":true,"showSkybox":false,"showFlares":true,"showImageEffects":true,"showParticleSystems":true,"showVisualEffectGraphs":true,"m_FxEnabled":true},"in2DMode":false,"pivot":{"x":5.972914695739746,"y":3.2233963012695314,"z":17.994577407836915},"rotation":{"x":0.28275901079177859,"y":0.34101980924606326,"z":-0.10826784372329712,"w":0.8903226852416992},"size":4.214580535888672,"orthographic":true}