{"cameraMode":{"drawMode":0,"name":"Shaded","section":"Shading Mode"},"sceneLighting":false,"audioPlay":false,"sceneViewState":{"m_AlwaysRefresh":false,"showFog":true,"showSkybox":false,"showFlares":true,"showImageEffects":true,"showParticleSystems":true,"showVisualEffectGraphs":true,"m_FxEnabled":true},"in2DMode":false,"pivot":{"x":59.408958435058597,"y":13.138769149780274,"z":-2.9499998092651369},"rotation":{"x":-0.07607428729534149,"y":0.9091250896453857,"z":-0.1909274160861969,"w":-0.36228105425834658},"size":12.509549140930176,"orthographic":true}