{"cameraMode":{"drawMode":0,"name":"Shaded","section":"Shading Mode"},"sceneLighting":false,"audioPlay":false,"sceneViewState":{"m_AlwaysRefresh":false,"showFog":true,"showSkybox":false,"showFlares":true,"showImageEffects":true,"showParticleSystems":true,"showVisualEffectGraphs":true,"m_FxEnabled":true},"in2DMode":false,"pivot":{"x":22.525001525878908,"y":11.05000114440918,"z":15.376998901367188},"rotation":{"x":0.003583060810342431,"y":0.9918498992919922,"z":-0.12412738054990769,"w":0.028566738590598108},"size":37.95589065551758,"orthographic":true}