{"cameraMode":{"drawMode":0,"name":"Shaded","section":"Shading Mode"},"sceneLighting":true,"audioPlay":false,"sceneViewState":{"m_AlwaysRefresh":false,"showFog":true,"showSkybox":true,"showFlares":true,"showImageEffects":true,"showParticleSystems":true,"showVisualEffectGraphs":true,"m_FxEnabled":true},"in2DMode":false,"pivot":{"x":-56.748077392578128,"y":36.42747116088867,"z":-31.649776458740236},"rotation":{"x":0.018611270934343339,"y":0.9224724769592285,"z":-0.0442325659096241,"w":0.3834018111228943},"size":7.279452800750732,"orthographic":true}