{"cameraMode":{"drawMode":0,"name":"Shaded","section":"Shading Mode"},"sceneLighting":true,"audioPlay":false,"sceneViewState":{"m_AlwaysRefresh":false,"showFog":true,"showSkybox":true,"showFlares":true,"showImageEffects":true,"showParticleSystems":true,"showVisualEffectGraphs":true,"m_FxEnabled":true},"in2DMode":false,"pivot":{"x":0.5053939819335938,"y":1.1401219367980958,"z":6.615730285644531},"rotation":{"x":0.11449405550956726,"y":0.6951165199279785,"z":-0.11360335350036621,"w":0.7005535960197449},"size":10.003473281860352,"orthographic":true}