{"cameraMode":{"drawMode":0,"name":"Shaded","section":"Shading Mode"},"sceneLighting":true,"audioPlay":false,"sceneViewState":{"m_AlwaysRefresh":false,"showFog":true,"showSkybox":true,"showFlares":true,"showImageEffects":true,"showParticleSystems":true,"showVisualEffectGraphs":true,"m_FxEnabled":true},"in2DMode":false,"pivot":{"x":430.3163757324219,"y":135.025634765625,"z":632.9566650390625},"rotation":{"x":0.052458327263593677,"y":-0.026957960799336435,"z":0.0014262222684919835,"w":0.9982632994651794},"size":774.5134887695313,"orthographic":false}