{"cameraMode":{"drawMode":0,"name":"Shaded","section":"Shading Mode"},"sceneLighting":true,"audioPlay":false,"sceneViewState":{"m_AlwaysRefresh":false,"showFog":true,"showSkybox":true,"showFlares":true,"showImageEffects":true,"showParticleSystems":true,"showVisualEffectGraphs":true,"m_FxEnabled":true},"in2DMode":false,"pivot":{"x":-7.106538772583008,"y":0.5022538900375366,"z":-13.002216339111329},"rotation":{"x":0.017998864874243737,"y":0.004499164875596762,"z":-0.00008150364737957716,"w":0.9998324513435364},"size":0.9457213878631592,"orthographic":false}