{"cameraMode":{"drawMode":0,"name":"Shaded","section":"Shading Mode"},"sceneLighting":true,"audioPlay":false,"sceneViewState":{"m_AlwaysRefresh":false,"showFog":true,"showSkybox":true,"showFlares":true,"showImageEffects":true,"showParticleSystems":true,"showVisualEffectGraphs":true,"m_FxEnabled":true},"in2DMode":false,"pivot":{"x":80.77091217041016,"y":416.85516357421877,"z":-42.48423767089844},"rotation":{"x":0.28391382098197939,"y":0.02905477210879326,"z":-0.008626436814665795,"w":0.9584065675735474},"size":6.913816452026367,"orthographic":true}