{"cameraMode":{"drawMode":0,"name":"Shaded","section":"Shading Mode"},"sceneLighting":true,"audioPlay":false,"sceneViewState":{"m_AlwaysRefresh":false,"showFog":true,"showSkybox":true,"showFlares":true,"showImageEffects":true,"showParticleSystems":true,"showVisualEffectGraphs":true,"m_FxEnabled":true},"in2DMode":false,"pivot":{"x":77.21876525878906,"y":412.91131591796877,"z":-35.81720733642578},"rotation":{"x":0.3022109270095825,"y":-0.05286955460906029,"z":0.01678994484245777,"w":0.9516262412071228},"size":10.956808090209961,"orthographic":false}