{"cameraMode":{"drawMode":0,"name":"Shaded","section":"Shading Mode"},"sceneLighting":true,"audioPlay":false,"sceneViewState":{"m_AlwaysRefresh":false,"showFog":true,"showSkybox":true,"showFlares":true,"showImageEffects":true,"showParticleSystems":true,"showVisualEffectGraphs":true,"m_FxEnabled":true},"in2DMode":false,"pivot":{"x":586.95751953125,"y":303.98211669921877,"z":-15.71424674987793},"rotation":{"x":0.009001251310110093,"y":0.007500681094825268,"z":-0.00005549574052565731,"w":0.999935507774353},"size":263.10797119140627,"orthographic":false}