{"cameraMode":{"drawMode":0,"name":"Shaded","section":"Shading Mode"},"sceneLighting":true,"audioPlay":false,"sceneViewState":{"m_AlwaysRefresh":false,"showFog":true,"showSkybox":true,"showFlares":true,"showImageEffects":true,"showParticleSystems":true,"showVisualEffectGraphs":true,"m_FxEnabled":true},"in2DMode":false,"pivot":{"x":10.287520408630371,"y":6.558073997497559,"z":-10.496299743652344},"rotation":{"x":0.14592351019382478,"y":-0.8502715229988098,"z":0.3113374412059784,"w":0.3985231816768646},"size":10.431686401367188,"orthographic":false}