{"cameraMode":{"drawMode":0,"name":"Shaded","section":"Shading Mode"},"sceneLighting":true,"audioPlay":false,"sceneViewState":{"m_AlwaysRefresh":false,"showFog":true,"showSkybox":true,"showFlares":true,"showImageEffects":true,"showParticleSystems":true,"showVisualEffectGraphs":true,"m_FxEnabled":true},"in2DMode":false,"pivot":{"x":-4.0389838218688969,"y":34.427486419677737,"z":30.038637161254884},"rotation":{"x":0.007862616330385208,"y":-0.9684523940086365,"z":0.24718144536018372,"w":0.030803412199020387},"size":1.916656732559204,"orthographic":true}